timestamp,price,signal,position,position_value,equity,gross_pnl,fees_maker,fees_taker,net_pnl_maker,net_pnl_taker,is_liquidated
2023-06-14,423.0963439941406,1.0,35.45291802428747,15000.0,10000.0,0.0,0.0,0.0,0.0,0.0,False
2023-06-15,428.3417663574219,0.0,0.0,0.0,10175.372546283652,185.96552904817509,10.592982764524088,15.092982764524088,175.372546283651,170.872546283651,False
2023-06-21,422.49212646484375,1.0,36.12625623851843,15263.05881942548,10175.372546283652,0.0,0.0,0.0,0.0,0.0,False
2023-06-22,424.0171813964844,1.0,36.12625623851843,15263.05881942548,10230.467071521916,55.094525238264396,0.0,0.0,55.094525238264396,55.094525238264396,False
2023-06-23,420.8116149902344,1.0,36.12625623851843,15263.05881942548,10114.661958140143,-60.710588143509085,0.0,0.0,-60.710588143509085,-60.710588143509085,False
2023-06-26,419.0923156738281,1.0,36.12625623851843,15263.05881942548,10052.55011048494,-122.82243579871101,0.0,0.0,-122.82243579871101,-122.82243579871101,False
2023-06-27,423.6869201660156,1.0,36.12625623851843,15263.05881942548,10218.535969684353,43.163423400701504,0.0,0.0,43.163423400701504,43.163423400701504,False
2023-06-28,423.9006652832031,1.0,36.12625623851843,15263.05881942548,10226.257780557602,50.88523427395012,0.0,0.0,50.88523427395012,50.88523427395012,False
2023-06-29,425.5714111328125,1.0,36.12625623851843,15263.05881942548,10286.615573230032,111.24302694638027,0.0,0.0,111.24302694638027,111.24302694638027,False
2023-06-30,430.59344482421875,1.0,36.12625623851843,15263.05881942548,10468.042849204247,292.6703029205946,0.0,0.0,292.6703029205946,292.6703029205946,False
2023-07-03,431.0888671875,0.0,0.0,0.0,10475.101179243758,310.56805816278575,10.83942520267923,15.418342848506873,299.7286329601065,295.14971531427886,False
2023-07-05,430.44769287109375,1.0,36.50304561760332,15712.651768865639,10475.101179243758,0.0,0.0,0.0,0.0,0.0,False
2023-07-06,427.0770263671875,1.0,36.50304561760332,15712.651768865639,10352.061586089942,-123.0395931538169,0.0,0.0,-123.0395931538169,-123.0395931538169,False
2023-07-07,425.998779296875,1.0,36.50304561760332,15712.651768865639,10312.702284095276,-162.39889514848255,0.0,0.0,-162.39889514848255,-162.39889514848255,False
2023-07-10,427.0770263671875,1.0,36.50304561760332,15712.651768865639,10352.061586089942,-123.0395931538169,0.0,0.0,-123.0395931538169,-123.0395931538169,False
2023-07-11,429.796875,1.0,36.50304561760332,15712.651768865639,10451.344344806472,-23.75683443728667,0.0,0.0,-23.75683443728667,-23.75683443728667,False
2023-07-12,433.2550048828125,1.0,36.50304561760332,15712.651768865639,10577.576617670373,102.47543842661435,0.0,0.0,102.47543842661435,102.47543842661435,False
2023-07-13,436.6936950683594,1.0,36.50304561760332,15712.651768865639,10703.099282378196,227.99810313443777,0.0,0.0,227.99810313443777,227.99810313443777,False
2023-07-14,436.4217834472656,1.0,36.50304561760332,15712.651768865639,10693.173680069454,218.0725008256959,0.0,0.0,218.0725008256959,218.0725008256959,False
2023-07-17,437.9370422363281,1.0,36.50304561760332,15712.651768865639,10748.485240769078,273.38406152531934,0.0,0.0,273.38406152531934,273.38406152531934,False
2023-07-18,441.1911926269531,0.0,0.0,0.0,10856.076699455558,392.1704616808456,11.19494146904637,15.908736999706061,380.9755202117992,376.2617246811396,False
2023-07-21,439.2387390136719,1.0,37.07349466886725,16284.115049183336,10856.076699455558,0.0,0.0,0.0,0.0,0.0,False
2023-07-24,441.200927734375,1.0,37.07349466886725,16284.115049183336,10928.821892531858,72.74519307629998,0.0,0.0,72.74519307629998,72.74519307629998,False
2023-07-25,442.4054260253906,0.0,0.0,0.0,10962.019272891032,117.40015404692531,11.457580611451798,16.342815126206798,105.9425734354735,101.05733892071851,False
2023-07-28,443.8430480957031,1.0,37.046944815030734,16443.028909336546,10962.019272891032,0.0,0.0,0.0,0.0,0.0,False
2023-07-31,444.68817138671875,0.0,0.0,0.0,10981.802733960687,31.309235924152745,11.525774854497659,16.458683527298625,19.783461069655086,14.85055239685412,False
2023-08-02,437.24737548828125,1.0,37.6736488870761,16472.70410094103,10981.802733960687,0.0,0.0,0.0,0.0,0.0,False
2023-08-03,435.9942932128906,0.0,0.0,0.0,10923.08726351118,-47.20818166968456,11.507288779823881,16.44910001010619,-58.715470449508445,-63.657281679790756,False
2023-08-04,434.0224609375,1.0,37.750652028181975,16384.630895266768,10923.08726351118,0.0,0.0,0.0,0.0,0.0,False
2023-08-07,437.8108215332031,1.0,37.750652028181975,16384.630895266768,11066.100346116842,143.01308260566293,0.0,0.0,143.01308260566293,143.01308260566293,False
2023-08-08,435.9068908691406,1.0,37.750652028181975,16384.630895266768,10994.225722132034,71.13845862085509,0.0,0.0,71.13845862085509,71.13845862085509,False
2023-08-09,432.99273681640625,1.0,37.750652028181975,16384.630895266768,10884.214506530741,-38.87275698043777,0.0,0.0,-38.87275698043777,-38.87275698043777,False
2023-08-10,433.148193359375,1.0,37.750652028181975,16384.630895266768,10890.08309238986,-33.004171121319814,0.0,0.0,-33.004171121319814,-33.004171121319814,False
2023-08-11,432.89556884765625,1.0,37.750652028181975,16384.630895266768,10880.546352354175,-42.5409111570043,0.0,0.0,-42.5409111570043,-42.5409111570043,False
2023-08-14,435.28521728515625,1.0,37.750652028181975,16384.630895266768,10970.757138987925,47.6698754767458,0.0,0.0,47.6698754767458,47.6698754767458,False
2023-08-15,430.21466064453125,1.0,37.750652028181975,16384.630895266768,10779.340319658504,-143.74694385267503,0.0,0.0,-143.74694385267503,-143.74694385267503,False
2023-08-16,427.0576171875,1.0,37.750652028181975,16384.630895266768,10660.15987067427,-262.92739283690935,0.0,0.0,-262.92739283690935,-262.92739283690935,False
2023-08-17,423.8034362792969,1.0,37.750652028181975,16384.630895266768,10537.312419571941,-385.77484393923805,0.0,0.0,-385.77484393923805,-385.77484393923805,False
2023-08-18,424.0074768066406,1.0,37.750652028181975,16384.630895266768,10545.015082519341,-378.07218099183774,0.0,0.0,-378.07218099183774,-378.07218099183774,False
2023-08-21,426.7662048339844,1.0,37.750652028181975,16384.630895266768,10649.158864319988,-273.9283991911907,0.0,0.0,-273.9283991911907,-273.9283991911907,False
2023-08-22,425.6102294921875,1.0,37.750652028181975,16384.630895266768,10605.520041438655,-317.5672220725246,0.0,0.0,-317.5672220725246,-317.5672220725246,False
2023-08-23,430.3505554199219,1.0,37.750652028181975,16384.630895266768,10784.470436036725,-138.6168274744541,0.0,0.0,-138.6168274744541,-138.6168274744541,False
2023-08-24,424.3863525390625,1.0,37.750652028181975,16384.630895266768,10559.317888455922,-363.7693750552571,0.0,0.0,-363.7693750552571,-363.7693750552571,False
2023-08-25,427.37823486328125,1.0,37.750652028181975,16384.630895266768,10672.263396986771,-250.823866524408,0.0,0.0,-250.823866524408,-250.823866524408,False
2023-08-28,430.08831787109375,1.0,37.750652028181975,16384.630895266768,10774.57079758219,-148.51646592898942,0.0,0.0,-148.51646592898942,-148.51646592898942,False
2023-08-29,436.30517578125,1.0,37.750652028181975,16384.630895266768,11009.261237257151,86.17397374597203,0.0,0.0,86.17397374597203,86.17397374597203,False
2023-08-30,438.1021728515625,1.0,37.750652028181975,16384.630895266768,11077.099048354181,154.0117848430018,0.0,0.0,154.0117848430018,154.0117848430018,False
2023-08-31,437.4610900878906,1.0,37.750652028181975,16384.630895266768,11052.897756021537,129.81049251035802,0.0,0.0,129.81049251035802,129.81049251035802,False
2023-09-01,438.27703857421875,1.0,37.750652028181975,16384.630895266768,11083.700343401832,160.61307989065244,0.0,0.0,160.61307989065244,160.61307989065244,False
2023-09-05,436.38287353515625,1.0,37.750652028181975,16384.630895266768,11012.194378128237,89.10711461705796,0.0,0.0,89.10711461705796,89.10711461705796,False
2023-09-06,433.44927978515625,1.0,37.750652028181975,16384.630895266768,10901.449301279936,-21.637962231243364,0.0,0.0,-21.637962231243364,-21.637962231243364,False
2023-09-07,432.1184997558594,1.0,37.750652028181975,16384.630895266768,10851.211487467895,-71.87577604328362,0.0,0.0,-71.87577604328362,-71.87577604328362,False
2023-09-08,432.769287109375,1.0,37.750652028181975,16384.630895266768,10875.779134394807,-47.308129116372584,0.0,0.0,-47.308129116372584,-47.308129116372584,False
2023-09-11,435.615478515625,1.0,37.750652028181975,16384.630895266768,10983.224715777751,60.13745226657193,0.0,0.0,60.13745226657193,60.13745226657193,False
2023-09-12,433.2258605957031,1.0,37.750652028181975,16384.630895266768,10893.015081202473,-30.072182308706033,0.0,0.0,-30.072182308706033,-30.072182308706033,False
2023-09-13,433.73101806640625,1.0,37.750652028181975,16384.630895266768,10912.085105098424,-11.002158412755307,0.0,0.0,-11.002158412755307,-11.002158412755307,False
2023-09-14,437.4707946777344,1.0,37.750652028181975,16384.630895266768,11053.264110615806,130.1768471046271,0.0,0.0,130.1768471046271,130.1768471046271,False
2023-09-15,432.20001220703125,1.0,37.750652028181975,16384.630895266768,10854.28863564805,-68.79862786312879,0.0,0.0,-68.79862786312879,-68.79862786312879,False
2023-09-18,432.45343017578125,0.0,0.0,0.0,10852.415703544486,-59.23193430715946,11.43962565953316,16.35501492811319,-70.67155996669263,-75.58694923527266,False
2023-09-19,431.556640625,1.0,37.720711542617636,16278.623555316728,10852.415703544486,0.0,0.0,0.0,0.0,0.0,False
2023-09-20,427.58917236328125,1.0,37.720711542617636,16278.623555316728,10702.759977689702,-149.65572585478367,0.0,0.0,-149.65572585478367,-149.65572585478367,False
2023-09-21,420.5218505859375,1.0,37.720711542617636,16278.623555316728,10436.17557154766,-416.2401319968267,0.0,0.0,-416.2401319968267,-416.2401319968267,False
2023-09-22,419.5762634277344,0.0,0.0,0.0,10389.33826880217,-451.9083524298094,11.169082312506806,16.052669379101822,-463.0774347423162,-467.9610218089112,False
2023-09-25,421.3406982421875,1.0,36.98671281511366,15584.007403203255,10389.33826880217,0.0,0.0,0.0,0.0,0.0,False
2023-09-26,415.150634765625,1.0,36.98671281511366,15584.007403203255,10160.388168687228,-228.95010011494196,0.0,0.0,-228.95010011494196,-228.95010011494196,False
2023-09-27,415.31640625,1.0,36.98671281511366,15584.007403203255,10166.519510972741,-222.81875782942916,0.0,0.0,-222.81875782942916,-222.81875782942916,False
2023-09-28,417.7241516113281,1.0,36.98671281511366,15584.007403203255,10255.574097184108,-133.7641716180624,0.0,0.0,-133.7641716180624,-133.7641716180624,False
2023-09-29,416.7103271484375,1.0,36.98671281511366,15584.007403203255,10218.076062930235,-171.2622058719353,0.0,0.0,-171.2622058719353,-171.2622058719353,False
2023-10-02,416.5446472167969,1.0,36.98671281511366,15584.007403203255,10211.948106879416,-177.3901619227545,0.0,0.0,-177.3901619227545,-177.3901619227545,False
2023-10-03,410.96868896484375,1.0,36.98671281511366,15584.007403203255,10005.711740345361,-383.62652845680896,0.0,0.0,-383.62652845680896,-383.62652845680896,False
2023-10-04,413.96142578125,1.0,36.98671281511366,15584.007403203255,10116.403237504997,-272.9350312971728,0.0,0.0,-272.9350312971728,-272.9350312971728,False
2023-10-05,413.805419921875,1.0,36.98671281511366,15584.007403203255,10110.633093586819,-278.7051752153511,0.0,0.0,-278.7051752153511,-278.7051752153511,False
2023-10-06,418.7184753417969,1.0,36.98671281511366,15584.007403203255,10292.350863448208,-96.98740535396246,0.0,0.0,-96.98740535396246,-96.98740535396246,False
2023-10-09,421.3992004394531,1.0,36.98671281511366,15584.007403203255,10391.502072771487,2.1638039693170867,0.0,0.0,2.1638039693170867,2.1638039693170867,False
2023-10-10,423.592529296875,1.0,36.98671281511366,15584.007403203255,10472.62609733005,83.28782852788027,0.0,0.0,83.28782852788027,83.28782852788027,False
2023-10-11,425.3276062011719,1.0,36.98671281511366,15584.007403203255,10536.800888501415,147.4626196992449,0.0,0.0,147.4626196992449,147.4626196992449,False
2023-10-12,422.734619140625,1.0,36.98671281511366,15584.007403203255,10440.894820759662,51.55655195749205,0.0,0.0,51.55655195749205,51.55655195749205,False
2023-10-13,420.6290588378906,1.0,36.98671281511366,15584.007403203255,10363.017066527524,-26.321202274646566,0.0,0.0,-26.321202274646566,-26.321202274646566,False
2023-10-16,425.0547180175781,1.0,36.98671281511366,15584.007403203255,10526.707651624196,137.36938282202573,0.0,0.0,137.36938282202573,137.36938282202573,False
2023-10-17,425.0351867675781,1.0,36.98671281511366,15584.007403203255,10525.985254889525,136.6469860873549,0.0,0.0,136.6469860873549,136.6469860873549,False
2023-10-18,419.3715515136719,1.0,36.98671281511366,15584.007403203255,10316.506004263741,-72.83226453842872,0.0,0.0,-72.83226453842872,-72.83226453842872,False
2023-10-19,415.686767578125,0.0,0.0,0.0,10169.413714026557,-209.12030974824484,10.804245027368156,15.479447248329134,-219.924554775613,-224.59975699657397,False
2023-10-24,412.95733642578125,1.0,36.938732468266444,15254.120571039835,10169.413714026557,0.0,0.0,0.0,0.0,0.0,False
2023-10-25,407.0304870605469,1.0,36.938732468266444,15254.120571039835,9950.48341094445,-218.93030308210837,0.0,0.0,-218.93030308210837,-218.93030308210837,False
2023-10-26,402.156494140625,0.0,0.0,0.0,9759.965890735304,-398.9694236033265,10.47839968792622,15.054635859238171,-409.44782329125275,-414.02405946256465,False
2023-10-30,405.1199035644531,1.0,36.137323067302205,14639.948836102956,9759.965890735304,0.0,0.0,0.0,0.0,0.0,False
2023-10-31,407.6641845703125,1.0,36.137323067302205,14639.948836102956,9851.909395418046,91.94350468274206,0.0,0.0,91.94350468274206,91.94350468274206,False
2023-11-01,412.01177978515625,0.0,0.0,0.0,9998.647357098675,249.05395752740696,10.372491164035772,14.76447581486666,238.6814663633712,234.2894817125403,False
2023-11-02,419.9077453613281,1.0,35.71730029114454,14997.971035648012,9998.647357098675,0.0,0.0,0.0,0.0,0.0,False
2023-11-03,423.73870849609375,0.0,0.0,0.0,10124.912022232105,136.83166068872924,10.566995555297973,15.066386865992378,126.26466513343127,121.76527382273687,False
2023-11-08,426.2342529296875,1.0,35.631505278984456,15187.368033348155,10124.912022232105,0.0,0.0,0.0,0.0,0.0,False
2023-11-09,422.91009521484375,1.0,35.631505278984456,15187.368033348155,10006.467279067474,-118.44474316463129,0.0,0.0,-118.44474316463129,-118.44474316463129,False
2023-11-10,429.5095520019531,1.0,35.631505278984456,15187.368033348155,10241.615858415791,116.70383618368578,0.0,0.0,116.70383618368578,116.70383618368578,False
2023-11-13,429.10015869140625,0.0,0.0,0.0,10216.346342618377,102.11653627775377,10.682215891482585,15.238426301487031,91.43432038627118,86.87810997626673,False
2023-11-14,437.4250183105469,1.0,35.0334774474377,15324.519513927566,10216.346342618377,0.0,0.0,0.0,0.0,0.0,False
2023-11-15,438.35107421875,0.0,0.0,0.0,10238.045916254341,32.442958775100124,10.743385139136846,15.340740993315116,21.699573635963276,17.102217781785008,False
2023-11-22,443.55645751953125,1.0,34.62257986336562,15357.068874381512,10238.045916254341,0.0,0.0,0.0,0.0,0.0,False
2023-11-24,443.8294372558594,0.0,0.0,0.0,10236.742505133014,9.451262722101092,10.754673843428108,15.361794505742562,-1.3034111213270165,-5.910531783641471,False
2023-11-27,443.0301208496094,1.0,34.65929975201834,15355.113757699522,10236.742505133014,0.0,0.0,0.0,0.0,0.0,False
2023-11-28,443.46875,1.0,34.65929975201834,15355.113757699522,10251.945084336376,15.202579203361893,0.0,0.0,15.202579203361893,15.202579203361893,False
2023-11-29,443.1568908691406,1.0,34.65929975201834,15355.113757699522,10241.136265239516,4.393760106502668,0.0,0.0,4.393760106502668,4.393760106502668,False
2023-11-30,444.9017639160156,0.0,0.0,0.0,10290.831328650951,64.86983806736134,10.781014549423347,15.387548676733203,54.088823517937996,49.48228939062814,False
2023-12-01,447.53375244140625,1.0,34.49180516277916,15436.246992976427,10290.831328650951,0.0,0.0,0.0,0.0,0.0,False
2023-12-04,445.1844787597656,0.0,0.0,0.0,10199.035780999724,-81.03069010119361,10.764857550032902,15.39573164792583,-91.79554765122651,-96.42642174911944,False
2023-12-06,443.3030700683594,1.0,34.51037158199802,15298.553671499587,10199.035780999724,0.0,0.0,0.0,0.0,0.0,False
2023-12-07,446.6856384277344,1.0,34.51037158199802,15298.553671499587,10315.769471983265,116.73369098354124,0.0,0.0,116.73369098354124,116.73369098354124,False
2023-12-08,448.60601806640625,1.0,34.51037158199802,15298.553671499587,10382.042486892335,183.00670589261063,0.0,0.0,183.00670589261063,183.00670589261063,False
2023-12-11,450.35089111328125,0.0,0.0,0.0,10431.428105071802,243.22292310367993,10.830599031601551,15.420165133051427,232.3923240720784,227.8027579706285,False
2023-12-29,465.2138671875,1.0,33.63429867687343,15647.142157607701,10431.428105071802,0.0,0.0,0.0,0.0,0.0,False
2024-01-02,462.6103820800781,0.0,0.0,0.0,10332.95249305551,-87.56639570381776,10.909216312473482,15.603358959755791,-98.47561201629125,-103.16975466357356,False
2024-01-03,458.8323974609375,1.0,33.780153331266895,15499.428739583263,10332.95249305551,0.0,0.0,0.0,0.0,0.0,False
2024-01-04,457.3544616699219,1.0,33.780153331266895,15499.428739583263,10283.027595421236,-49.92489763427511,0.0,0.0,-49.92489763427511,-49.92489763427511,False
2024-01-05,457.9808654785156,1.0,33.780153331266895,15499.428739583263,10304.187612122823,-28.764880932687447,0.0,0.0,-28.764880932687447,-28.764880932687447,False
2024-01-08,464.51898193359375,1.0,33.780153331266895,15499.428739583263,10525.046188473041,192.0936954175304,0.0,0.0,192.0936954175304,192.0936954175304,False
2024-01-09,463.8143005371094,1.0,33.780153331266895,15499.428739583263,10501.241942850107,168.2894497945963,0.0,0.0,168.2894497945963,168.2894497945963,False
2024-01-10,466.4373474121094,1.0,33.780153331266895,15499.428739583263,10589.848868482708,256.8963754271972,0.0,0.0,256.8963754271972,256.8963754271972,False
2024-01-11,466.2318115234375,1.0,33.780153331266895,15499.428739583263,10582.905834648294,249.95334159278354,0.0,0.0,249.95334159278354,249.95334159278354,False
2024-01-12,466.5547790527344,1.0,33.780153331266895,15499.428739583263,10593.815727308962,260.8632342534511,0.0,0.0,260.8632342534511,260.8632342534511,False
2024-01-16,464.8419494628906,1.0,33.780153331266895,15499.428739583263,10535.95608113371,203.00358807819975,0.0,0.0,203.00358807819975,203.00358807819975,False
2024-01-17,462.2580261230469,1.0,33.780153331266895,15499.428739583263,10448.670754517549,115.71826146203784,0.0,0.0,115.71826146203784,115.71826146203784,False
2024-01-18,466.36883544921875,1.0,33.780153331266895,15499.428739583263,10587.534523871236,254.58203081572537,0.0,0.0,254.58203081572537,254.58203081572537,False
2024-01-19,472.1826171875,1.0,33.780153331266895,15499.428739583263,10783.924962424897,450.9724693693861,0.0,0.0,450.9724693693861,450.9724693693861,False
2024-01-22,473.1810302734375,1.0,33.780153331266895,15499.428739583263,10817.651509555808,484.69901650029715,0.0,0.0,484.69901650029715,484.69901650029715,False
2024-01-23,474.5610656738281,1.0,33.780153331266895,15499.428739583263,10864.26931698358,531.3168239280694,0.0,0.0,531.3168239280694,531.3168239280694,False
2024-01-24,475.0798034667969,1.0,33.780153331266895,15499.428739583263,10881.792359168787,548.839866113276,0.0,0.0,548.839866113276,548.839866113276,False
2024-01-25,477.6636962890625,1.0,33.780153331266895,15499.428739583263,10969.07665489648,636.1241618409695,0.0,0.0,636.1241618409695,636.1241618409695,False
2024-01-26,477.056884765625,1.0,33.780153331266895,15499.428739583263,10948.578468591582,615.6259755360716,0.0,0.0,615.6259755360716,615.6259755360716,False
2024-01-29,480.83489990234375,1.0,33.780153331266895,15499.428739583263,11076.200399197789,743.2479061422782,0.0,0.0,743.2479061422782,743.2479061422782,False
2024-01-30,480.4630126953125,0.0,0.0,0.0,11052.423049454994,730.685499266825,11.214942867341698,15.864771489216675,719.4705563994833,714.8207277776083,False
2024-01-31,472.62310791015625,1.0,35.077917894217784,16578.63457418249,11052.423049454994,0.0,0.0,0.0,0.0,0.0,False
2024-02-01,478.8088684082031,0.0,0.0,0.0,11257.69311231742,216.98359886378603,11.713536001359637,16.687126373614383,205.27006286242639,200.29647249017165,False
2024-02-02,483.8494567871094,1.0,34.90040017944279,16886.53966847613,11257.69311231742,0.0,0.0,0.0,0.0,0.0,False
2024-02-05,482.0876770019531,1.0,34.90040017944279,16886.53966847613,11196.206292787412,-61.48681953000778,0.0,0.0,-61.48681953000778,-61.48681953000778,False
2024-02-06,483.4873352050781,1.0,34.90040017944279,16886.53966847613,11245.054924190916,-12.638188126504247,0.0,0.0,-12.638188126504247,-12.638188126504247,False
2024-02-07,487.5198669433594,0.0,0.0,0.0,11373.907268433664,128.09878327581464,11.884627159571197,16.950589060114034,116.21415611624344,111.14819421570061,False
2024-02-08,487.73516845703125,1.0,34.97976362176871,17060.860902650496,11373.907268433664,0.0,0.0,0.0,0.0,0.0,False
2024-02-09,490.5539855957031,1.0,34.97976362176871,17060.860902650496,11472.508825637397,98.60155720373223,0.0,0.0,98.60155720373223,98.60155720373223,False
2024-02-12,490.33868408203125,0.0,0.0,0.0,11452.989491769316,91.07036114808216,11.98813781242939,17.10639608322454,79.08222333565277,73.96396506485762,False
2024-02-15,491.3468017578125,1.0,34.964070542829816,17179.484237653975,11452.989491769316,0.0,0.0,0.0,0.0,0.0,False
2024-02-16,488.89990234375,1.0,34.964070542829816,17179.484237653975,11367.435928044826,-85.55356372449023,0.0,0.0,-85.55356372449023,-85.55356372449023,False
2024-02-20,486.208251953125,1.0,34.964070542829816,17179.484237653975,11273.324873910376,-179.6646178589399,0.0,0.0,-179.6646178589399,-179.6646178589399,False
2024-02-21,486.648681640625,1.0,34.964070542829816,17179.484237653975,11288.724088573283,-164.26540319603373,0.0,0.0,-164.26540319603373,-164.26540319603373,False
2024-02-22,496.72015380859375,1.0,34.964070542829816,17179.484237653975,11640.863751924291,187.87426015497476,0.0,0.0,187.87426015497476,187.87426015497476,False
2024-02-23,497.062744140625,0.0,0.0,0.0,11640.71653918802,199.85261269140756,12.125565272703486,17.279410543999678,187.72704741870407,182.57320214740787,False
2024-02-26,495.2422180175781,1.0,35.25764600335884,17461.074808782032,11640.71653918802,0.0,0.0,0.0,0.0,0.0,False
2024-02-27,496.1622619628906,1.0,35.25764600335884,17461.074808782032,11673.155122919381,32.43858373136027,0.0,0.0,32.43858373136027,32.43858373136027,False
2024-02-28,495.50653076171875,0.0,0.0,0.0,11637.808172466375,9.319045167085278,12.227411888730966,17.465734331365574,-2.908366721645688,-8.146689164280296,False
2024-02-29,497.287841796875,1.0,35.10383884637587,17456.71225869956,11637.808172466375,0.0,0.0,0.0,0.0,0.0,False
2024-03-01,501.95654296875,1.0,35.10383884637587,17456.71225869956,11801.697506025761,163.8893335593857,0.0,0.0,163.8893335593857,163.8893335593857,False
2024-03-04,501.4181823730469,1.0,35.10383884637587,17456.71225869956,11782.79898243296,144.9908099665845,0.0,0.0,144.9908099665845,144.9908099665845,False
2024-03-05,496.4068908691406,1.0,35.10383884637587,17456.71225869956,11606.883413067622,-30.92475939875294,0.0,0.0,-30.92475939875294,-30.92475939875294,False
2024-03-06,498.92230224609375,1.0,35.10383884637587,17456.71225869956,11695.184008676522,57.3758362101471,0.0,0.0,57.3758362101471,57.3758362101471,False
2024-03-07,503.8748779296875,1.0,35.10383884637587,17456.71225869956,11869.038427347878,231.23025488150233,0.0,0.0,231.23025488150233,231.23025488150233,False
2024-03-08,500.8504943847656,1.0,35.10383884637587,17456.71225869956,11762.87095477731,125.06278231093529,0.0,0.0,125.06278231093529,125.06278231093529,False
2024-03-11,500.4198303222656,1.0,35.10383884637587,17456.71225869956,11747.752992930386,109.94482046401026,0.0,0.0,109.94482046401026,109.94482046401026,False
2024-03-12,505.8030700683594,1.0,35.10383884637587,17456.71225869956,11936.725373448666,298.9172009822905,0.0,0.0,298.9172009822905,298.9172009822905,False
2024-03-13,505.01019287109375,0.0,0.0,0.0,11896.537099425985,271.0841676245109,12.355240664901949,17.592254342511815,258.72892695960894,253.49191328199908,False
2024-03-14,504.0118713378906,1.0,35.40552646462524,17844.805649138976,11896.537099425985,0.0,0.0,0.0,0.0,0.0,False
2024-03-15,500.5510559082031,0.0,0.0,0.0,11761.575009182749,-122.53199228498124,12.430097958254795,17.783539652996488,-134.96209024323605,-140.31553193797774,False
2024-03-18,503.5259094238281,1.0,35.03764589584244,17642.362513774122,11761.575009182749,0.0,0.0,0.0,0.0,0.0,False
2024-03-19,506.3240966796875,1.0,35.03764589584244,17642.362513774122,11859.616903403808,98.04189422105992,0.0,0.0,98.04189422105992,98.04189422105992,False
2024-03-20,511.00714111328125,1.0,35.03764589584244,17642.362513774122,12023.699755982563,262.1247467998146,0.0,0.0,262.1247467998146,262.1247467998146,False
2024-03-21,512.6959228515625,1.0,35.03764589584244,17642.362513774122,12082.870692523828,321.295683341079,0.0,0.0,321.295683341079,321.295683341079,False
2024-03-22,511.72393798828125,0.0,0.0,0.0,12036.321357497474,287.23962188531004,12.493273570584542,17.785982324716777,274.7463483147255,269.4536395605933,False
2024-03-25,510.31011962890625,1.0,35.379431725507025,18054.482036246212,12036.321357497474,0.0,0.0,0.0,0.0,0.0,False
2024-03-26,509.3675842285156,1.0,35.379431725507025,18054.482036246212,12002.974990650479,-33.34636684699581,0.0,0.0,-33.34636684699581,-33.34636684699581,False
2024-03-27,513.6482543945312,1.0,35.379431725507025,18054.482036246212,12154.422668528443,118.10131103096865,0.0,0.0,118.10131103096865,118.10131103096865,False
2024-03-28,513.5501098632812,1.0,35.379431725507025,18054.482036246212,12150.950370785851,114.62901328837688,0.0,0.0,114.62901328837688,114.62901328837688,False
2024-04-01,512.6566772460938,1.0,35.379431725507025,18054.482036246212,12119.341232504727,83.01987500725227,0.0,0.0,83.01987500725227,83.01987500725227,False
2024-04-02,509.39715576171875,1.0,35.379431725507025,18054.482036246212,12004.021214690458,-32.30014280701653,0.0,0.0,-32.30014280701653,-32.30014280701653,False
2024-04-03,509.9566650390625,1.0,35.379431725507025,18054.482036246212,12023.81633496803,-12.505022529443522,0.0,0.0,-12.505022529443522,-12.505022529443522,False
2024-04-04,503.73211669921875,1.0,35.379431725507025,18054.482036246212,11803.595351956408,-232.72600554106612,0.0,0.0,-232.72600554106612,-232.72600554106612,False
2024-04-05,508.9944763183594,0.0,0.0,0.0,11977.159780747828,-46.54671268061429,12.614864069032041,18.031208679905905,-59.16157674964633,-64.5779213605202,False
2024-04-08,509.2792663574219,1.0,35.27679381024133,17965.739671121744,11977.159780747828,0.0,0.0,0.0,0.0,0.0,False
2024-04-09,509.8683776855469,1.0,35.27679381024133,17965.739671121744,11997.941739601374,20.781958853545802,0.0,0.0,20.781958853545802,20.781958853545802,False
2024-04-10,504.76300048828125,1.0,35.27679381024133,17965.739671121744,11817.840400889927,-159.31937985790137,0.0,0.0,-159.31937985790137,-159.31937985790137,False
2024-04-11,508.5723876953125,0.0,0.0,0.0,11939.659818372358,-24.936412812090566,12.563549563379176,17.953271464715698,-37.49996237546974,-42.889684276806264,False
2024-04-12,501.5525207519531,1.0,35.708104309211166,17909.48972755854,11939.659818372358,0.0,0.0,0.0,0.0,0.0,False
2024-04-15,495.26898193359375,1.0,35.708104309211166,17909.48972755854,11715.286558815405,-224.3732595569527,0.0,0.0,-224.3732595569527,-224.3732595569527,False
2024-04-16,494.36572265625,1.0,35.708104309211166,17909.48972755854,11683.032882321753,-256.62693605060485,0.0,0.0,-256.62693605060485,-256.62693605060485,False
2024-04-17,491.4399108886719,1.0,35.708104309211166,17909.48972755854,11578.557690535956,-361.10212783640236,0.0,0.0,-361.10212783640236,-361.10212783640236,False
2024-04-18,490.4287109375,1.0,35.708104309211166,17909.48972755854,11542.44965720204,-397.2101611703183,0.0,0.0,-397.2101611703183,-397.2101611703183,False
2024-04-19,486.1480407714844,1.0,35.708104309211166,17909.48972755854,11389.595040400625,-550.0647779717328,0.0,0.0,-550.0647779717328,-550.0647779717328,False
2024-04-22,490.6250915527344,1.0,35.708104309211166,17909.48972755854,11549.462036695135,-390.19778167722325,0.0,0.0,-390.19778167722325,-390.19778167722325,False
2024-04-23,496.4471435546875,1.0,35.708104309211166,17909.48972755854,11757.356476874531,-182.3033414978272,0.0,0.0,-182.3033414978272,-182.3033414978272,False
2024-04-24,496.21148681640625,1.0,35.708104309211166,17909.48972755854,11748.941621482816,-190.718196889542,0.0,0.0,-190.718196889542,-190.718196889542,False
2024-04-25,494.326416015625,1.0,35.708104309211166,17909.48972755854,11681.629316698269,-258.03050167408946,0.0,0.0,-258.03050167408946,-258.03050167408946,False
2024-04-26,499.0096435546875,1.0,35.708104309211166,17909.48972755854,11848.858494166885,-90.80132420547307,0.0,0.0,-90.80132420547307,-90.80132420547307,False
2024-04-29,500.7768859863281,1.0,35.708104309211166,17909.48972755854,11911.96337125557,-27.696447116788477,0.0,0.0,-27.696447116788477,-27.696447116788477,False
2024-04-30,492.8439636230469,1.0,35.708104309211166,17909.48972755854,11628.69375203065,-310.96606634170894,0.0,0.0,-310.96606634170894,-310.96606634170894,False
2024-05-01,491.2436218261719,0.0,0.0,0.0,11559.195993027235,-368.1112381549101,12.352587190213523,17.725434108481085,-380.4638253451236,-385.83667226339116,False
2024-05-02,495.8384094238281,1.0,34.96863829022201,17338.793989540853,11559.195993027235,0.0,0.0,0.0,0.0,0.0,False
2024-05-03,501.9845275878906,1.0,34.96863829022201,17338.793989540853,11774.117375995302,214.9213829680666,0.0,0.0,214.9213829680666,214.9213829680666,False
2024-05-06,507.16839599609375,1.0,34.96863829022201,17338.793989540853,11955.390195305867,396.19420227863156,0.0,0.0,396.19420227863156,396.19420227863156,False
2024-05-07,507.7280578613281,1.0,34.96863829022201,17338.793989540853,11974.960808636079,415.7648156088435,0.0,0.0,415.7648156088435,415.7648156088435,False
2024-05-08,507.7770690917969,1.0,34.96863829022201,17338.793989540853,11976.674664626498,417.4786715992632,0.0,0.0,417.4786715992632,417.4786715992632,False
2024-05-09,510.70281982421875,1.0,34.96863829022201,17338.793989540853,12078.984183715911,519.788190688676,0.0,0.0,519.788190688676,519.788190688676,False
2024-05-10,511.3607482910156,1.0,34.96863829022201,17338.793989540853,12101.991046292173,542.7950532649375,0.0,0.0,542.7950532649375,542.7950532649375,False
2024-05-13,511.4293518066406,1.0,34.96863829022201,17338.793989540853,12104.390017815498,545.194024788263,0.0,0.0,545.194024788263,545.194024788263,False
2024-05-14,513.77587890625,1.0,34.96863829022201,17338.793989540853,12186.444875199944,627.2488821727093,0.0,0.0,627.2488821727093,627.2488821727093,False
2024-05-15,520.1378784179688,1.0,34.96863829022201,17338.793989540853,12408.915334927806,849.7193419005707,0.0,0.0,849.7193419005707,849.7193419005707,False
2024-05-16,519.06787109375,0.0,0.0,0.0,12358.955328725226,812.3026428120756,12.543307114084634,17.74494531094689,799.759335697991,794.5576975011288,False
2024-05-17,519.81396484375,1.0,35.66359168257489,18538.432993087838,12358.955328725226,0.0,0.0,0.0,0.0,0.0,False
2024-05-20,520.4129028320312,1.0,35.66359168257489,18538.432993087838,12380.315608582472,21.360279857246496,0.0,0.0,21.360279857246496,21.360279857246496,False
2024-05-21,521.689208984375,1.0,35.66359168257489,18538.432993087838,12425.833270061617,66.87794133639181,0.0,0.0,66.87794133639181,66.87794133639181,False
2024-05-22,520.1871337890625,1.0,35.66359168257489,18538.432993087838,12372.26387361947,13.308544894243823,0.0,0.0,13.308544894243823,13.308544894243823,False
2024-05-23,516.3875122070312,1.0,35.66359168257489,18538.432993087838,12236.755720969608,-122.19960775561776,0.0,0.0,-122.19960775561776,-122.19960775561776,False
2024-05-24,519.80419921875,1.0,35.66359168257489,18538.432993087838,12358.6070514627,-0.34827726252478897,0.0,0.0,-0.34827726252478897,-0.34827726252478897,False
2024-05-28,520.16748046875,1.0,35.66359168257489,18538.432993087838,12371.562965628638,12.60763690341264,0.0,0.0,12.60763690341264,12.60763690341264,False
2024-05-29,516.5248413085938,1.0,35.66359168257489,18538.432993087838,12241.653369973867,-117.30195875135905,0.0,0.0,-117.30195875135905,-117.30195875135905,False
2024-05-30,513.098388671875,1.0,35.66359168257489,18538.432993087838,12119.453762218249,-239.50156650697681,0.0,0.0,-239.50156650697681,-239.50156650697681,False
2024-05-31,517.7718505859375,1.0,35.66359168257489,18538.432993087838,12286.126199665438,-72.8291290597881,0.0,0.0,-72.8291290597881,-72.8291290597881,False
2024-06-03,518.1940307617188,0.0,0.0,0.0,12288.234644309643,-57.772667654247925,12.948016761334362,18.509546659260714,-70.72068441558228,-76.28221431350863,False
2024-06-04,518.7733154296875,1.0,35.53064781521653,18432.351966464463,12288.234644309643,0.0,0.0,0.0,0.0,0.0,False
2024-06-05,524.93896484375,1.0,35.53064781521653,18432.351966464463,12507.304162192795,219.069517883152,0.0,0.0,219.069517883152,219.069517883152,False
2024-06-06,524.92919921875,1.0,35.53064781521653,18432.351966464463,12506.957183210223,218.72253890057982,0.0,0.0,218.72253890057982,218.72253890057982,False
2024-06-07,524.2909545898438,1.0,35.53064781521653,18432.351966464463,12484.279938080603,196.0452937709597,0.0,0.0,196.0452937709597,196.0452937709597,False
2024-06-10,525.910888671875,1.0,35.53064781521653,18432.351966464463,12541.837245433122,253.60260112347896,0.0,0.0,253.60260112347896,253.60260112347896,False
2024-06-11,527.177490234375,1.0,35.53064781521653,18432.351966464463,12586.840419472512,298.60577516286867,0.0,0.0,298.60577516286867,298.60577516286867,False
2024-06-12,531.5071411132812,1.0,35.53064781521653,18432.351966464463,12740.675720013773,452.4410757041296,0.0,0.0,452.4410757041296,452.4410757041296,False
2024-06-13,532.5773315429688,1.0,35.53064781521653,18432.351966464463,12778.700279266213,490.4656349565703,0.0,0.0,490.4656349565703,490.4656349565703,False
2024-06-14,532.9014282226562,0.0,0.0,0.0,12777.062007373775,501.98099994062795,13.153636876495439,18.683342466434777,488.8273630641325,483.29765747419316,False
2024-06-17,537.1427001953125,1.0,35.680635712058994,19165.593011060664,12777.062007373775,0.0,0.0,0.0,0.0,0.0,False
2024-06-18,538.5073852539062,0.0,0.0,0.0,12812.314576288187,48.69283043737232,13.440261522961151,19.189939426279352,35.25256891441117,29.50289101109297,False
2024-06-20,537.0446166992188,1.0,35.785614950491016,19218.47186443228,12812.314576288187,0.0,0.0,0.0,0.0,0.0,False
2024-06-21,536.3246459960938,0.0,0.0,0.0,12773.109933922598,-25.764594357664464,13.440048007923762,19.205589567253448,-39.20464236558823,-44.97018392491791,False
2024-06-25,536.6397705078125,1.0,35.70302827677765,19159.664900883898,12773.109933922598,0.0,0.0,0.0,0.0,0.0,False
2024-06-26,537.3095703125,1.0,35.70302827677765,19159.664900883898,12797.023815289136,23.91388136653768,0.0,0.0,23.91388136653768,23.91388136653768,False
2024-06-27,538.1566162109375,1.0,35.70302827677765,19159.664900883898,12827.26591895278,54.15598503018191,0.0,0.0,54.15598503018191,54.15598503018191,False
2024-06-28,536.0389404296875,1.0,35.70302827677765,19159.664900883898,12751.658480653765,-21.451453268833575,0.0,0.0,-21.451453268833575,-21.451453268833575,False
2024-07-01,537.14208984375,0.0,0.0,0.0,12777.623522786203,17.934321454951714,13.420732591346205,19.168632061611373,4.513588863605509,-1.2343106066596583,False
2024-07-02,540.7568969726562,1.0,35.44371859421419,19166.435284179304,12777.623522786203,0.0,0.0,0.0,0.0,0.0,False
2024-07-03,543.1700439453125,1.0,35.44371859421419,19166.435284179304,12863.15442501151,85.53090222530591,0.0,0.0,85.53090222530591,85.53090222530591,False
2024-07-05,546.3023071289062,0.0,0.0,0.0,12960.658700176366,196.54995706762202,13.514779677459325,19.264710262713116,183.0351773901627,177.2852468049089,False
2024-07-08,546.9326171875,1.0,35.545490320610675,19440.988050264546,12960.658700176366,0.0,0.0,0.0,0.0,0.0,False
2024-07-09,547.464599609375,1.0,35.545490320610675,19440.988050264546,12979.568276203856,18.909576027490402,0.0,0.0,18.909576027490402,18.909576027490402,False
2024-07-10,552.8818969726562,1.0,35.545490320610675,19440.988050264546,13172.128767194241,211.4700670178754,0.0,0.0,211.4700670178754,211.4700670178754,False
2024-07-11,548.1146240234375,1.0,35.545490320610675,19440.988050264546,13002.673712722077,42.015012545711215,0.0,0.0,42.015012545711215,42.015012545711215,False
2024-07-12,551.5718383789062,1.0,35.545490320610675,19440.988050264546,13125.562092130665,164.90339195429988,0.0,0.0,164.90339195429988,164.90339195429988,False
2024-07-15,553.0886840820312,0.0,0.0,0.0,13165.761014545666,218.82041621259123,13.718101843291478,19.55039825837084,205.10231436929973,199.27001795422038,False
2024-07-17,548.5677490234375,1.0,36.000369246961945,19748.6415218185,13165.761014545666,0.0,0.0,0.0,0.0,0.0,False
2024-07-18,544.35205078125,1.0,36.000369246961945,19748.6415218185,13013.994321193148,-151.7666933525179,0.0,0.0,-151.7666933525179,-151.7666933525179,False
2024-07-19,540.7371826171875,1.0,36.000369246961945,19748.6415218185,12883.85773250781,-281.9032820378561,0.0,0.0,-281.9032820378561,-281.9032820378561,False
2024-07-22,546.3121948242188,1.0,36.000369246961945,19748.6415218185,13084.560230517252,-81.20078402841318,0.0,0.0,-81.20078402841318,-81.20078402841318,False
2024-07-23,545.4552612304688,1.0,36.000369246961945,19748.6415218185,13053.710304722126,-112.05070982353936,0.0,0.0,-112.05070982353936,-112.05070982353936,False
2024-07-24,533.0938720703125,1.0,36.000369246961945,19748.6415218185,12608.695730551111,-557.0652839945542,0.0,0.0,-557.0652839945542,-557.0652839945542,False
2024-07-25,530.3162231445312,1.0,36.000369246961945,19748.6415218185,12508.699343584556,-657.0616709611095,0.0,0.0,-657.0616709611095,-657.0616709611095,False
2024-07-26,536.255615234375,1.0,36.000369246961945,19748.6415218185,12722.519651921417,-443.2413626242487,0.0,0.0,-443.2413626242487,-443.2413626242487,False
2024-07-29,536.57080078125,1.0,36.000369246961945,19748.6415218185,12733.866447990224,-431.894566555442,0.0,0.0,-431.894566555442,-431.894566555442,False
2024-07-30,533.8523559570312,1.0,36.000369246961945,19748.6415218185,12636.001430540857,-529.7595840048089,0.0,0.0,-529.7595840048089,-529.7595840048089,False
2024-07-31,542.5298461914062,1.0,36.000369246961945,19748.6415218185,12948.394283115262,-217.3667314304039,0.0,0.0,-217.3667314304039,-217.3667314304039,False
2024-08-01,534.8470458984375,0.0,0.0,0.0,12658.23356184186,-493.95037882794713,13.577073875858975,19.501666332404525,-507.5274527038061,-513.4520451603516,False
2024-08-06,514.3006591796875,1.0,36.91877504696907,18987.35034276279,12658.23356184186,0.0,0.0,0.0,0.0,0.0,False
2024-08-07,510.8631591796875,1.0,36.91877504696907,18987.35034276279,12531.325272617903,-126.90828922395667,0.0,0.0,-126.90828922395667,-126.90828922395667,False
2024-08-08,522.6729736328125,1.0,36.91877504696907,18987.35034276279,12967.32915575927,309.09559391740913,0.0,0.0,309.09559391740913,309.09559391740913,False
2024-08-09,524.977783203125,0.0,0.0,0.0,13038.93166340182,394.18633996987774,13.488238409918893,19.18444351274773,380.69810155995884,375.00189645713,False
2024-08-22,547.8585205078125,1.0,35.69972312737596,19558.39749510273,13038.93166340182,0.0,0.0,0.0,0.0,0.0,False
2024-08-23,553.6796875,1.0,35.69972312737596,19558.39749510273,13246.745713301136,207.81404989931616,0.0,0.0,207.81404989931616,207.81404989931616,False
2024-08-26,552.3598022460938,0.0,0.0,0.0,13185.854949674316,160.69451177495648,13.77122550245939,19.63874475099021,146.92328627249708,141.05576702396627,False
2024-09-05,541.347900390625,1.0,36.536176477713376,19778.782424511475,13185.854949674316,0.0,0.0,0.0,0.0,0.0,False
2024-09-06,532.2368774414062,0.0,0.0,0.0,12839.29430058319,-332.8819423651512,13.678706725975458,19.612341453328902,-346.56064909112666,-352.4942838184801,False
2024-09-12,550.6853637695312,1.0,34.972677172758296,19258.941450874783,12839.29430058319,0.0,0.0,0.0,0.0,0.0,False
2024-09-13,553.5615234375,1.0,34.972677172758296,19258.941450874783,12939.881304148368,100.58700356517875,0.0,0.0,100.58700356517875,100.58700356517875,False
2024-09-16,554.3790893554688,1.0,34.972677172758296,19258.941450874783,12968.473773064941,129.17947248175187,0.0,0.0,129.17947248175187,129.17947248175187,False
2024-09-17,554.6055297851562,1.0,34.972677172758296,19258.941450874783,12976.393001111262,137.0987005280731,0.0,0.0,137.0987005280731,137.0987005280731,False
2024-09-18,552.9607543945312,1.0,34.972677172758296,19258.941450874783,12918.870802353236,79.57650177004689,0.0,0.0,79.57650177004689,79.57650177004689,False
2024-09-19,562.3966064453125,1.0,34.972677172758296,19258.941450874783,13248.867809975118,409.5735093919284,0.0,0.0,409.5735093919284,409.5735093919284,False
2024-09-20,561.4244995117188,0.0,0.0,0.0,13201.20158082982,375.57632742595524,13.669047179325327,19.44672961458776,361.9072802466299,356.1295978113675,False
2024-09-23,562.8273315429688,1.0,35.1827305844563,19801.802371244732,13201.20158082982,0.0,0.0,0.0,0.0,0.0,False
2024-09-24,564.4378051757812,0.0,0.0,0.0,13243.972848676596,56.66085993661545,13.88959208983962,19.83013280121304,42.77126784677583,36.83072713540241,False
2024-09-26,565.42578125,1.0,35.13451266600676,19865.959273014894,13243.972848676596,0.0,0.0,0.0,0.0,0.0,False
2024-09-27,564.6057739257812,0.0,0.0,0.0,13201.270524745363,-28.810557718981727,13.891766212250936,19.851553994155402,-42.70232393123266,-48.66211171313713,False
2024-09-30,566.8682861328125,1.0,34.932110812208364,19801.905787118045,13201.270524745363,0.0,0.0,0.0,0.0,0.0,False
2024-10-01,561.7901000976562,0.0,0.0,0.0,13010.106129267944,-177.3917573050894,13.772638172330087,19.7132099084655,-191.1643954774195,-197.10496721355491,False
2024-10-03,560.9995727539062,1.0,34.786406517394326,19515.159193901916,13010.106129267944,0.0,0.0,0.0,0.0,0.0,False
2024-10-04,566.0977172851562,1.0,34.786406517394326,19515.159193901916,13187.452257416437,177.34612814849243,0.0,0.0,177.34612814849243,177.34612814849243,False
2024-10-07,560.9797973632812,1.0,34.786406517394326,19515.159193901916,13009.418214490623,-0.6879147773215664,0.0,0.0,-0.6879147773215664,-0.6879147773215664,False
2024-10-08,566.2853393554688,0.0,0.0,0.0,13180.226407177353,183.87282575801873,13.752547848610352,19.607095606780923,170.12027790940837,164.26573015123782,False
2024-10-09,570.2077026367188,1.0,34.672172121395874,19770.33961076603,13180.226407177353,0.0,0.0,0.0,0.0,0.0,False
2024-10-10,569.2098388671875,1.0,34.672172121395874,19770.33961076603,13145.62830280646,-34.59810437089254,0.0,0.0,-34.59810437089254,-34.59810437089254,False
2024-10-11,572.618408203125,1.0,34.672172121395874,19770.33961076603,13263.810805509798,83.58439833244483,0.0,0.0,83.58439833244483,83.58439833244483,False
2024-10-14,577.3013916015625,1.0,34.672172121395874,19770.33961076603,13426.180011942062,245.95360476470887,0.0,0.0,245.95360476470887,245.95360476470887,False
2024-10-15,572.8159790039062,1.0,34.672172121395874,19770.33961076603,13270.661014320645,90.43460714329194,0.0,0.0,90.43460714329194,90.43460714329194,False
2024-10-16,575.3057250976562,1.0,34.672172121395874,19770.33961076603,13356.98591942172,176.75951224436722,0.0,0.0,176.75951224436722,176.75951224436722,False
2024-10-17,575.3550415039062,1.0,34.672172121395874,19770.33961076603,13358.695826347626,178.4694191702729,0.0,0.0,178.4694191702729,178.4694191702729,False
2024-10-18,577.5682373046875,1.0,34.672172121395874,19770.33961076603,13435.432132090667,255.20572491331404,0.0,0.0,255.20572491331404,255.20572491331404,False
2024-10-21,576.6197509765625,1.0,34.672172121395874,19770.33961076603,13402.546050867124,222.3196436897706,0.0,0.0,222.3196436897706,222.3196436897706,False
2024-10-22,576.3134155273438,1.0,34.672172121395874,19770.33961076603,13391.924735444929,211.69832826757556,0.0,0.0,211.69832826757556,211.69832826757556,False
2024-10-23,571.0474243164062,1.0,34.672172121395874,19770.33961076603,13209.341381789545,29.114974612191872,0.0,0.0,29.114974612191872,29.114974612191872,False
2024-10-24,572.282470703125,0.0,0.0,0.0,13238.287916602474,71.93671551041189,13.875206085291428,19.80630796852124,58.06150942512046,52.13040754189065,False
2024-10-25,572.0848999023438,1.0,34.710638015954316,19857.431874903712,13238.287916602474,0.0,0.0,0.0,0.0,0.0,False
2024-10-28,573.8533935546875,1.0,34.710638015954316,19857.431874903712,13299.673459602493,61.385543000018515,0.0,0.0,61.385543000018515,61.385543000018515,False
2024-10-29,574.7821044921875,1.0,34.710638015954316,19857.431874903712,13331.909608775512,93.62169217303745,0.0,0.0,93.62169217303745,93.62169217303745,False
2024-10-30,573.0431518554688,1.0,34.710638015954316,19857.431874903712,13271.549453275476,33.26153667300241,0.0,0.0,33.26153667300241,33.26153667300241,False
2024-10-31,561.809814453125,1.0,34.710638015954316,19857.431874903712,12881.633144991645,-356.6547716108289,0.0,0.0,-356.6547716108289,-356.6547716108289,False
2024-11-01,564.1809692382812,0.0,0.0,0.0,12950.17441334466,-274.3504761834738,13.763027074340862,19.720256636811975,-288.11350325781467,-294.0707328202858,False
2024-11-04,562.9656982421875,1.0,34.50523127904722,19425.261620016987,12950.17441334466,0.0,0.0,0.0,0.0,0.0,False
2024-11-05,569.7730102539062,1.0,34.50523127904722,19425.261620016987,13185.062288697653,234.88787535299343,0.0,0.0,234.88787535299343,234.88787535299343,False
2024-11-06,583.940673828125,1.0,34.50523127904722,19425.261620016987,13673.920797009803,723.7463836651441,0.0,0.0,723.7463836651441,723.7463836651441,False
2024-11-07,588.4558715820312,0.0,0.0,0.0,13815.681284481741,879.5443264343121,14.037455297229048,19.865033783234143,865.5068711370831,859.679292651078,False
2024-11-12,589.7303466796875,1.0,35.14067411216098,20723.521926722613,13815.681284481741,0.0,0.0,0.0,0.0,0.0,False
2024-11-13,590.016845703125,1.0,35.14067411216098,20723.521926722613,13825.749053297814,10.067768816072203,0.0,0.0,10.067768816072203,10.067768816072203,False
2024-11-14,586.2229614257812,1.0,35.14067411216098,20723.521926722613,13692.429402288426,-123.2518821933154,0.0,0.0,-123.2518821933154,-123.2518821933154,False
2024-11-15,578.7142944335938,1.0,35.14067411216098,20723.521926722613,13428.569782499222,-387.11150198251926,0.0,0.0,-387.11150198251926,-387.11150198251926,False
2024-11-18,581.08544921875,0.0,0.0,0.0,13497.53918848739,-303.78752440784956,14.354571586501905,20.57162816451869,-318.14209599435145,-324.35915257236826,False
2024-11-19,583.2095947265625,1.0,34.71532184278202,20246.308782731085,13497.53918848739,0.0,0.0,0.0,0.0,0.0,False
2024-11-20,583.4072875976562,0.0,0.0,0.0,13490.226312499697,6.862971646041842,14.175847633734781,20.249740268554106,-7.312875987692939,-13.386768622512264,False
2024-11-25,590.352783203125,1.0,34.27669021725793,20235.339468749546,13490.226312499697,0.0,0.0,0.0,0.0,0.0,False
2024-11-26,593.435302734375,0.0,0.0,0.0,13581.667312649344,105.65856706130216,14.217566911655332,20.2881687522802,91.44100014964684,85.37039830902197,False
2024-11-27,591.6371459960938,1.0,34.434114062724056,20372.500968974018,13581.667312649344,0.0,0.0,0.0,0.0,0.0,False
2024-11-29,595.3124389648438,1.0,34.434114062724056,20372.500968974018,13708.222769949207,126.55545729986261,0.0,0.0,126.55545729986261,126.55545729986261,False
2024-12-02,596.3794555664062,1.0,34.434114062724056,20372.500968974018,13744.964541314232,163.29722866488737,0.0,0.0,163.29722866488737,163.29722866488737,False
2024-12-03,596.6561279296875,1.0,34.434114062724056,20372.500968974018,13754.491509029463,172.82419638011925,0.0,0.0,172.82419638011925,172.82419638011925,False
2024-12-04,600.3610229492188,1.0,34.434114062724056,20372.500968974018,13882.06628672242,300.3989740730758,0.0,0.0,300.3989740730758,300.3989740730758,False
2024-12-05,599.373046875,1.0,34.434114062724056,20372.500968974018,13848.04620589153,266.37889324218486,0.0,0.0,266.37889324218486,266.37889324218486,False
2024-12-06,600.50927734375,1.0,34.434114062724056,20372.500968974018,13887.171295454009,305.5039828046647,0.0,0.0,305.5039828046647,305.5039828046647,False
2024-12-09,597.4168701171875,1.0,34.434114062724056,20372.500968974018,13780.686992286162,199.01967963681818,0.0,0.0,199.01967963681818,199.01967963681818,False
2024-12-10,595.5595092773438,1.0,34.434114062724056,20372.500968974018,13716.730417271345,135.06310462200054,0.0,0.0,135.06310462200054,135.06310462200054,False
2024-12-11,600.1635131835938,1.0,34.434114062724056,20372.500968974018,13875.265212924387,293.5979002750428,0.0,0.0,293.5979002750428,293.5979002750428,False
2024-12-12,597.0711059570312,1.0,34.434114062724056,20372.500968974018,13768.78090975654,187.11359710719626,0.0,0.0,187.11359710719626,187.11359710719626,False
2024-12-13,596.9525146484375,1.0,34.434114062724056,20372.500968974018,13764.697323109576,183.030010460232,0.0,0.0,183.030010460232,183.030010460232,False
2024-12-16,599.5015258789062,1.0,34.434114062724056,20372.500968974018,13852.470266566703,270.80295391735854,0.0,0.0,270.80295391735854,270.80295391735854,False
2024-12-17,597.0315551757812,1.0,34.434114062724056,20372.500968974018,13767.41901364371,185.75170099436582,0.0,0.0,185.75170099436582,185.75170099436582,False
2024-12-18,579.2379150390625,1.0,34.434114062724056,20372.500968974018,13154.710779584871,-426.95653306447275,0.0,0.0,-426.95653306447275,-426.95653306447275,False
2024-12-19,579.06005859375,1.0,34.434114062724056,20372.500968974018,13148.586450460189,-433.0808621891556,0.0,0.0,-433.0808621891556,-433.0808621891556,False
2024-12-20,586.01513671875,1.0,34.434114062724056,20372.500968974018,13388.078403931595,-193.5889087177493,0.0,0.0,-193.5889087177493,-193.5889087177493,False
2024-12-23,589.5244140625,0.0,0.0,0.0,13494.692884611928,-72.75005238532685,14.224375652089151,20.336125942781358,-86.974428037416,-93.08617832810822,False
2024-12-24,596.0769653320312,1.0,33.958767917902215,20242.039326917893,13494.692884611928,0.0,0.0,0.0,0.0,0.0,False
2024-12-26,596.1166381835938,1.0,33.958767917902215,20242.039326917893,13496.04012577078,1.3472411588518298,0.0,0.0,1.3472411588518298,1.3472411588518298,False
2024-12-27,589.841552734375,1.0,33.958767917902215,20242.039326917893,13282.945955335757,-211.7469292761707,0.0,0.0,-211.7469292761707,-211.7469292761707,False
2024-12-30,583.1105346679688,0.0,0.0,0.0,13040.41960944344,-440.3240096444679,13.949265524020293,20.021877322095662,-454.27327516848817,-460.3458869665635,False
2025-01-02,579.5617065429688,1.0,33.75072782300004,19560.62941416516,13040.41960944344,0.0,0.0,0.0,0.0,0.0,False
2025-01-03,586.8081665039062,1.0,33.75072782300004,19560.62941416516,13284.992907265309,244.57329782186935,0.0,0.0,244.57329782186935,244.57329782186935,False
2025-01-06,590.1885986328125,0.0,0.0,0.0,13385.213178710967,358.6653425287077,13.871773261179968,19.739962085429514,344.79356926752774,338.9253804432782,False
2025-01-07,583.51708984375,1.0,34.40828060998649,20077.81976806645,13385.213178710967,0.0,0.0,0.0,0.0,0.0,False
2025-01-08,584.3695068359375,0.0,0.0,0.0,13400.474242835695,29.330203063906083,14.069138939178467,20.0924848695984,15.261064124727616,9.237718194307682,False
2025-01-17,592.3893432617188,1.0,33.93158839350188,20100.71136425354,13400.474242835695,0.0,0.0,0.0,0.0,0.0,False
2025-01-21,597.8117065429688,1.0,33.93158839350188,20100.71136425354,13584.463641815106,183.9893989794109,0.0,0.0,183.9893989794109,183.9893989794109,False
2025-01-22,601.1723022460938,1.0,33.93158839350188,20100.71136425354,13698.493991970514,298.019749134819,0.0,0.0,298.019749134819,298.019749134819,False
2025-01-23,604.45361328125,1.0,33.93158839350188,20100.71136425354,13809.834087406492,409.3598445707976,0.0,0.0,409.3598445707976,409.3598445707976,False
2025-01-24,602.68896484375,0.0,0.0,0.0,13735.711523750962,349.48252013031015,14.245239215042634,20.275452624318696,335.2372809152675,329.20706750599146,False
2025-01-27,594.1636962890625,1.0,34.676583935216975,20603.567285626443,13735.711523750962,0.0,0.0,0.0,0.0,0.0,False
2025-01-28,599.2689819335938,0.0,0.0,0.0,13898.234375883787,177.03386616584612,14.511014033021434,20.69208421870937,162.52285213282468,156.34178194713675,False
2025-01-29,596.58251953125,1.0,34.94462355384796,20847.35156382568,13898.234375883787,0.0,0.0,0.0,0.0,0.0,False
2025-01-30,599.784423828125,1.0,34.94462355384796,20847.35156382568,14010.123716193533,111.88934030974633,0.0,0.0,111.88934030974633,111.88934030974633,False
2025-01-31,596.5924072265625,1.0,34.94462355384796,20847.35156382568,13898.579897674297,0.34552179051024723,0.0,0.0,0.34552179051024723,0.34552179051024723,False
2025-02-03,592.5775756835938,1.0,34.94462355384796,20847.35156382568,13758.283120773141,-139.95125511064543,0.0,0.0,-139.95125511064543,-139.95125511064543,False
2025-02-04,596.5527954101562,1.0,34.94462355384796,20847.35156382568,13897.195677661699,-1.0386982220879872,0.0,0.0,-1.0386982220879872,-1.0386982220879872,False
2025-02-05,598.9715576171875,1.0,34.94462355384796,20847.35156382568,13981.718412452678,83.48403656889059,0.0,0.0,83.48403656889059,83.48403656889059,False
2025-02-06,601.0533447265625,1.0,34.94462355384796,20847.35156382568,14054.465679309042,156.23130342525474,0.0,0.0,156.23130342525474,156.23130342525474,False
2025-02-07,595.5515747070312,1.0,34.94462355384796,20847.35156382568,13862.208397096676,-36.025978787110944,0.0,0.0,-36.025978787110944,-36.025978787110944,False
2025-02-10,599.5960693359375,0.0,0.0,0.0,13988.895939592945,105.30736348557912,14.645799776420766,20.90000524556847,90.66156370915834,84.40735824001065,False
2025-02-11,600.0521240234375,1.0,34.969201956478415,20983.34390938942,13988.895939592945,0.0,0.0,0.0,0.0,0.0,False
2025-02-12,598.1190185546875,1.0,34.969201956478415,20983.34390938942,13921.296784053055,-67.59915553989049,0.0,0.0,-67.59915553989049,-67.59915553989049,False
2025-02-13,604.4337768554688,1.0,34.969201956478415,20983.34390938942,14142.11884237942,153.22290278647415,0.0,0.0,153.22290278647415,153.22290278647415,False
2025-02-14,604.4039916992188,1.0,34.969201956478415,20983.34390938942,14141.07727923521,152.1813396422658,0.0,0.0,152.1813396422658,152.1813396422658,False
2025-02-18,606.1784057617188,1.0,34.969201956478415,20983.34390938942,14203.127122941187,214.23118334824176,0.0,0.0,214.23118334824176,214.23118334824176,False
2025-02-19,607.6058959960938,1.0,34.969201956478415,20983.34390938942,14253.045317237946,264.14937764500064,0.0,0.0,264.14937764500064,264.14937764500064,False
2025-02-20,605.0780639648438,1.0,34.969201956478415,20983.34390938942,14164.649048425112,175.75310883216662,0.0,0.0,175.75310883216662,175.75310883216662,False
2025-02-21,594.728759765625,1.0,34.969201956478415,20983.34390938942,13802.7421397736,-186.1537998193453,0.0,0.0,-186.1537998193453,-186.1537998193453,False
2025-02-24,592.0224609375,0.0,0.0,0.0,13693.557084216793,-280.7909100946272,14.54794528152528,20.842948454342107,-295.3388553761525,-301.6338585489693,False
2025-02-25,589.0782470703125,1.0,34.86860315837378,20540.335626325188,13693.557084216793,0.0,0.0,0.0,0.0,0.0,False
2025-02-26,589.3756713867188,1.0,34.86860315837378,20540.335626325188,13703.927854675212,10.370770458419429,0.0,0.0,10.370770458419429,10.370770458419429,False
2025-02-27,579.9680786132812,1.0,34.86860315837378,20540.335626325188,13375.898235582636,-317.65884863415704,0.0,0.0,-317.65884863415704,-317.65884863415704,False
2025-02-28,589.018798828125,1.0,34.86860315837378,20540.335626325188,13691.484207051495,-2.072877165297541,0.0,0.0,-2.072877165297541,-2.072877165297541,False
2025-03-03,578.69921875,0.0,0.0,0.0,13317.457580717703,-361.9022196704973,14.197283828592383,20.35938451648994,-376.0995034990897,-382.26160418698726,False
2025-03-06,567.7353515625,1.0,35.18573630495061,19976.186371076554,13317.457580717703,0.0,0.0,0.0,0.0,0.0,False
2025-03-07,570.9174194335938,0.0,0.0,0.0,13415.3816695742,111.96340101676105,14.03931216026197,20.032168071584934,97.92408885649908,91.93123294517612,False
2025-03-10,555.710693359375,1.0,36.21141853994849,20123.072504361302,13415.3816695742,0.0,0.0,0.0,0.0,0.0,False
2025-03-11,551.0911254882812,1.0,36.21141853994849,20123.072504361302,13248.100563920327,-167.28110565387396,0.0,0.0,-167.28110565387396,-167.28110565387396,False
2025-03-12,554.0155029296875,0.0,0.0,0.0,13339.940961291895,-61.3852501543297,14.055458127975747,20.092379879284138,-75.44070828230545,-81.47763003361383,False
2025-03-13,546.6301879882812,1.0,36.605939228454794,20009.911441937842,13339.940961291895,0.0,0.0,0.0,0.0,0.0,False
2025-03-14,557.9212646484375,0.0,0.0,0.0,13739.047829095021,413.3204660455049,14.213598242379241,20.216571674960594,399.1068678031256,393.10389437054425,False
2025-03-18,556.1468505859375,1.0,37.05598929838412,20608.571743642533,13739.047829095021,0.0,0.0,0.0,0.0,0.0,False
2025-03-19,562.2037963867188,0.0,0.0,0.0,13948.955724589727,224.44611877464195,14.538223279937094,20.720794803029854,209.90789549470486,203.72532397161208,False
2025-03-20,560.5780639648438,1.0,37.32474552945901,20923.43358688459,13948.955724589727,0.0,0.0,0.0,0.0,0.0,False
2025-03-21,560.762939453125,1.0,37.32474552945901,20923.43358688459,13955.856155144458,6.900430554731429,0.0,0.0,6.900430554731429,6.900430554731429,False
2025-03-24,570.8053588867188,0.0,0.0,0.0,14315.849635902414,381.73118041371345,14.837269101026068,21.114299177091446,366.89391131268735,360.616881236622,False
2025-03-26,565.3466796875,1.0,37.98337414084297,21473.77445385362,14315.849635902414,0.0,0.0,0.0,0.0,0.0,False
2025-03-27,563.8452758789062,0.0,0.0,0.0,14243.818125377713,-57.028382598302414,15.003127926398383,21.44526026255447,-72.03151052470079,-78.47364286085688,False
2025-03-28,552.4904174804688,1.0,38.67167015402919,21365.72718806657,14243.818125377713,0.0,0.0,0.0,0.0,0.0,False
2025-03-31,556.1991577148438,0.0,0.0,0.0,14372.21358378728,143.42317903072762,15.027720621161963,21.43743877758193,128.39545840956566,121.98574025314569,False
2025-04-01,557.7700805664062,1.0,38.65090854961027,21558.32037568092,14372.21358378728,0.0,0.0,0.0,0.0,0.0,False
2025-04-02,561.2999267578125,0.0,0.0,0.0,14493.486305981367,136.43176233823397,15.159040144145761,21.626536256850038,121.2727221940882,114.80522608138392,False
2025-04-03,533.6385498046875,1.0,40.7396157322761,21740.22945897205,14493.486305981367,0.0,0.0,0.0,0.0,0.0,False
2025-04-04,502.3977966308594,1.0,40.7396157322761,21740.22945897205,13220.750026492724,-1272.736279488643,0.0,0.0,-1272.736279488643,-1272.736279488643,False
2025-04-07,501.5029296875,1.0,40.7396157322761,21740.22945897205,13184.293491088747,-1309.19281489262,0.0,0.0,-1309.19281489262,-1309.19281489262,False
2025-04-08,493.64801025390625,1.0,40.7396157322761,21740.22945897205,12864.287091756147,-1629.1992142252202,0.0,0.0,-1629.1992142252202,-1629.1992142252202,False
2025-04-09,545.4906005859375,0.0,0.0,0.0,14960.874715830398,482.8479944675455,15.45958461851421,21.981653456205827,467.3884098490313,460.86634101133967,False
2025-04-11,530.894287109375,1.0,42.27077333217231,22441.312073745597,14960.874715830398,0.0,0.0,0.0,0.0,0.0,False
2025-04-14,536.0447387695312,0.0,0.0,0.0,15162.770515276212,217.713574684778,15.817775238964309,22.550168861087986,201.89579944581368,195.16340582369,False
2025-04-15,534.5433349609375,1.0,42.54875944637188,22744.155772914317,15162.770515276212,0.0,0.0,0.0,0.0,0.0,False
2025-04-16,522.6614990234375,1.0,42.54875944637188,22744.155772914317,14657.21313619027,-505.55737908594165,0.0,0.0,-505.55737908594165,-505.55737908594165,False
2025-04-17,523.4072265625,1.0,42.54875944637188,22744.155772914317,14688.942917862374,-473.8275974138378,0.0,0.0,-473.8275974138378,-473.8275974138378,False
2025-04-21,510.94873046875,1.0,42.54875944637188,22744.155772914317,14158.849364505842,-1003.9211507703694,0.0,0.0,-1003.9211507703694,-1003.9211507703694,False
2025-04-22,524.2424926757812,1.0,42.54875944637188,22744.155772914317,14724.482454790084,-438.2880604861275,0.0,0.0,-438.2880604861275,-438.2880604861275,False
2025-04-23,532.3658447265625,0.0,0.0,0.0,15054.246422810016,-92.64950817924546,15.8745842869504,22.697831018824694,-108.52409246619585,-115.34733919807016,False
2025-04-28,547.7078247070312,1.0,41.22886074577042,22581.369634215025,15054.246422810016,0.0,0.0,0.0,0.0,0.0,False
2025-04-29,551.1580810546875,1.0,41.22886074577042,22581.369634215025,15196.496561304748,142.2501384947318,0.0,0.0,142.2501384947318,142.2501384947318,False
2025-04-30,551.3768310546875,1.0,41.22886074577042,22581.369634215025,15205.515374592886,151.2689517828694,0.0,0.0,151.2689517828694,151.2689517828694,False
2025-05-01,555.2843627929688,1.0,41.22886074577042,22581.369634215025,15366.618456490161,312.37203368014525,0.0,0.0,312.37203368014525,312.37203368014525,False
2025-05-02,563.527099609375,0.0,0.0,0.0,15690.324040772835,652.210682047793,16.133064084974414,22.907474975238923,636.0776179628185,629.3032070725541,False
2025-05-07,557.9490966796875,1.0,42.18213848040463,23535.48606115925,15690.324040772835,0.0,0.0,0.0,0.0,0.0,False
2025-05-08,561.8367919921875,1.0,42.18213848040463,23535.48606115925,15854.315342814332,163.99130204149697,0.0,0.0,163.99130204149697,163.99130204149697,False
2025-05-09,561.1209106445312,1.0,42.18213848040463,23535.48606115925,15824.117936671957,133.7938958991217,0.0,0.0,133.7938958991217,133.7938958991217,False
2025-05-12,579.66455078125,1.0,42.18213848040463,23535.48606115925,16606.328332849815,916.0042920769811,0.0,0.0,916.0042920769811,916.0042920769811,False
2025-05-13,583.4926147460938,0.0,0.0,0.0,16750.790676775712,1077.4802163538661,17.01358035098841,24.074226169336185,1060.4666360028777,1053.4059901845299,False
2025-05-27,587.7780151367188,1.0,42.747747224467304,25126.18601516357,16750.790676775712,0.0,0.0,0.0,0.0,0.0,False
2025-05-28,584.3775024414062,0.0,0.0,0.0,16587.91077156085,-145.36425713281278,17.51564808204809,25.053503886597163,-162.87990521486088,-170.41776101940994,False
2025-06-09,596.2593383789062,1.0,41.72993956788907,24881.866157341276,16587.91077156085,0.0,0.0,0.0,0.0,0.0,False
2025-06-10,599.639892578125,1.0,41.72993956788907,24881.866157341276,16728.981094000224,141.07032243937283,0.0,0.0,141.07032243937283,141.07032243937283,False
2025-06-11,597.9297485351562,0.0,0.0,0.0,16640.16472706718,69.70611487390124,17.452159367575845,24.916719214778226,52.2539555063254,44.78939565912302,False
2025-06-17,594.1216430664062,1.0,42.01201451233936,24960.247090600766,16640.16472706718,0.0,0.0,0.0,0.0,0.0,False
2025-06-18,594.0321044921875,1.0,42.01201451233936,24960.247090600766,16636.403031187685,-3.7616958794933453,0.0,0.0,-3.7616958794933453,-3.7616958794933453,False
2025-06-20,592.636962890625,1.0,42.01201451233936,24960.247090600766,16577.790321976074,-62.37440509110456,0.0,0.0,-62.37440509110456,-62.37440509110456,False
2025-06-23,598.49072265625,1.0,42.01201451233936,24960.247090600766,16823.71856220126,183.55383513408015,0.0,0.0,183.55383513408015,183.55383513408015,False
2025-06-24,605.1024169921875,1.0,42.01201451233936,24960.247090600766,17101.489160593817,461.32443352663904,0.0,0.0,461.32443352663904,461.32443352663904,False
2025-06-25,605.4414672851562,1.0,42.01201451233936,24960.247090600766,17115.733346422436,475.5686193552574,0.0,0.0,475.5686193552574,475.5686193552574,False
2025-06-26,610.1783447265625,1.0,42.01201451233936,24960.247090600766,17314.739110233968,674.5743831667896,0.0,0.0,674.5743831667896,674.5743831667896,False
2025-06-27,613.2098999023438,0.0,0.0,0.0,17424.227709248822,801.9361232066694,17.87314102502387,25.361215152204103,784.0629821816456,776.5749080544654,False
2025-07-02,618.734619140625,1.0,42.24160206224538,26136.341563873233,17424.227709248822,0.0,0.0,0.0,0.0,0.0,False
2025-07-03,623.611083984375,0.0,0.0,0.0,17611.818962710626,205.9896874002152,18.398433938411372,26.23933640757334,187.59125346180383,179.75035099264184,False
2025-07-07,618.9639892578125,1.0,42.680558001028324,26417.72844406594,17611.818962710626,0.0,0.0,0.0,0.0,0.0,False
2025-07-08,618.6249389648438,1.0,42.680558001028324,26417.72844406594,17597.348107016307,-14.470855694318743,0.0,0.0,-14.470855694318743,-14.470855694318743,False
2025-07-09,622.3345947265625,0.0,0.0,0.0,17737.113945346246,143.85932220756877,18.564339571949944,26.489658105169724,125.29498263561882,117.36966410239904,False
2025-07-10,624.0897827148438,1.0,42.63115925769916,26605.67091801937,17737.113945346246,0.0,0.0,0.0,0.0,0.0,False
2025-07-11,621.8958129882812,1.0,42.63115925769916,26605.67091801937,17643.58247252659,-93.53147281965721,0.0,0.0,-93.53147281965721,-93.53147281965721,False
2025-07-14,623.08251953125,1.0,42.63115925769916,26605.67091801937,17694.173148152044,-42.94079719420188,0.0,0.0,-42.94079719420188,-42.94079719420188,False
2025-07-15,620.419921875,1.0,42.63115925769916,26605.67091801937,17580.663523429273,-156.45042191697212,0.0,0.0,-156.45042191697212,-156.45042191697212,False
2025-07-16,622.494140625,1.0,42.63115925769916,26605.67091801937,17669.08987329583,-68.02407205041527,0.0,0.0,-68.02407205041527,-68.02407205041527,False
2025-07-17,626.3035888671875,0.0,0.0,0.0,17812.81990978855,94.37712264624133,18.671158203936677,26.65285947934249,75.70596444230466,67.72426316689885,False
2025-07-21,627.0316162109375,1.0,42.612252993147806,26719.229864682828,17812.81990978855,0.0,0.0,0.0,0.0,0.0,False
2025-07-22,627.121337890625,1.0,42.612252993147806,26719.229864682828,17816.643152702367,3.823242913815193,0.0,0.0,3.823242913815193,3.823242913815193,False
2025-07-23,632.4566040039062,1.0,42.612252993147806,26719.229864682828,18043.990862107275,231.17095231872372,0.0,0.0,231.17095231872372,231.17095231872372,False
2025-07-24,632.6659545898438,1.0,42.612252993147806,26719.229864682828,18052.911762239506,240.09185245095432,0.0,0.0,240.09185245095432,240.09185245095432,False
2025-07-25,635.3385620117188,1.0,42.612252993147806,26719.229864682828,18166.797585851808,353.9776760632558,0.0,0.0,353.9776760632558,353.9776760632558,False
2025-07-28,635.1790161132812,1.0,42.612252993147806,26719.229864682828,18159.99897566357,347.17906587501784,0.0,0.0,347.17906587501784,347.17906587501784,False
2025-07-29,633.503662109375,1.0,42.612252993147806,26719.229864682828,18088.608366996035,275.7884572074836,0.0,0.0,275.7884572074836,275.7884572074836,False
2025-07-30,632.7058715820312,1.0,42.612252993147806,26719.229864682828,18054.612715209325,241.79280542077322,0.0,0.0,241.79280542077322,241.79280542077322,False
2025-07-31,630.3324584960938,1.0,42.612252993147806,26719.229864682828,17953.47623633411,140.65632654555884,0.0,0.0,140.65632654555884,140.65632654555884,False
2025-08-01,620.0010375976562,0.0,0.0,0.0,17494.677448723196,-299.58879455735587,18.553666507999303,26.569435467404148,-318.1424610653552,-326.15823002476003,False
2025-08-05,626.2337646484375,1.0,41.90450540113698,26242.016173084794,17494.677448723196,0.0,0.0,0.0,0.0,0.0,False
2025-08-06,631.030517578125,1.0,41.90450540113698,26242.016173084794,17695.683007773205,201.00555905000874,0.0,0.0,201.00555905000874,201.00555905000874,False
2025-08-07,630.501953125,1.0,41.90450540113698,26242.016173084794,17673.53377579238,178.85632706918477,0.0,0.0,178.85632706918477,178.85632706918477,False
2025-08-08,635.4183349609375,1.0,41.90450540113698,26242.016173084794,17879.552324990473,384.8748762672767,0.0,0.0,384.8748762672767,384.8748762672767,False
2025-08-11,634.1618041992188,1.0,41.90450540113698,26242.016173084794,17826.898024899336,332.22057617613973,0.0,0.0,332.22057617613973,332.22057617613973,False
2025-08-12,640.9131469726562,1.0,41.90450540113698,26242.016173084794,18109.809704613774,615.1322558905777,0.0,0.0,615.1322558905777,615.1322558905777,False
2025-08-13,643.1070556640625,1.0,41.90450540113698,26242.016173084794,18201.74436322241,707.0669144992135,0.0,0.0,707.0669144992135,707.0669144992135,False
2025-08-14,643.1668701171875,1.0,41.90450540113698,26242.016173084794,18204.25085829645,709.573409573255,0.0,0.0,709.573409573255,709.573409573255,False
2025-08-15,641.6610717773438,1.0,41.90450540113698,26242.016173084794,18141.151123631447,646.4736749082513,0.0,0.0,646.4736749082513,646.4736749082513,False
2025-08-18,641.5214233398438,1.0,41.90450540113698,26242.016173084794,18135.299224927967,640.6217762047709,0.0,0.0,640.6217762047709,640.6217762047709,False
2025-08-19,638.0410766601562,1.0,41.90450540113698,26242.016173084794,17989.457018691173,494.7795699679773,0.0,0.0,494.7795699679773,494.7795699679773,False
2025-08-20,636.3457641601562,1.0,41.90450540113698,26242.016173084794,17918.415786878308,423.7383381551117,0.0,0.0,423.7383381551117,423.7383381551117,False
2025-08-21,633.7928466796875,1.0,41.90450540113698,26242.016173084794,17811.43704252935,316.75959380615313,0.0,0.0,316.75959380615313,316.75959380615313,False
2025-08-22,643.52587890625,1.0,41.90450540113698,26242.016173084794,18219.294944036777,724.6174953135815,0.0,0.0,724.6174953135815,724.6174953135815,False
2025-08-25,640.6936645507812,1.0,41.90450540113698,26242.016173084794,18100.612402280858,605.9349535576621,0.0,0.0,605.9349535576621,605.9349535576621,False
2025-08-26,643.3762817382812,1.0,41.90450540113698,26242.016173084794,18213.026148703637,718.3486999804409,0.0,0.0,718.3486999804409,718.3486999804409,False
2025-08-27,644.8422241210938,1.0,41.90450540113698,26242.016173084794,18274.45573920196,779.7782904787637,0.0,0.0,779.7782904787637,779.7782904787637,False
2025-08-28,647.1258544921875,1.0,41.90450540113698,26242.016173084794,18370.150140421658,875.4726916984619,0.0,0.0,875.4726916984619,875.4726916984619,False
2025-08-29,643.2666015625,1.0,41.90450540113698,26242.016173084794,18208.430055185214,713.7526064620179,0.0,0.0,713.7526064620179,713.7526064620179,False
2025-09-02,638.4998168945312,1.0,41.90450540113698,26242.016173084794,18008.68030132026,514.0028525970629,0.0,0.0,514.0028525970629,514.0028525970629,False
2025-09-03,641.960205078125,1.0,41.90450540113698,26242.016173084794,18153.686156649695,659.0087079264995,0.0,0.0,659.0087079264995,659.0087079264995,False
2025-09-04,647.3253173828125,1.0,41.90450540113698,26242.016173084794,18378.50853419918,883.8310854759839,0.0,0.0,883.8310854759839,883.8310854759839,False
2025-09-05,645.4505004882812,1.0,41.90450540113698,26242.016173084794,18299.94525951615,805.2678107929532,0.0,0.0,805.2678107929532,805.2678107929532,False
2025-09-08,647.0361328125,1.0,41.90450540113698,26242.016173084794,18366.390397810592,871.7129490873958,0.0,0.0,871.7129490873958,871.7129490873958,False
2025-09-09,648.531982421875,1.0,41.90450540113698,26242.016173084794,18429.073235845935,934.3957871227394,0.0,0.0,934.3957871227394,934.3957871227394,False
2025-09-10,650.4067993164062,1.0,41.90450540113698,26242.016173084794,18507.636510528962,1012.9590618057664,0.0,0.0,1012.9590618057664,1012.9590618057664,False
2025-09-11,655.8118286132812,1.0,41.90450540113698,26242.016173084794,18734.131589893164,1239.4541411699684,0.0,0.0,1239.4541411699684,1239.4541411699684,False
2025-09-12,655.5924072265625,1.0,41.90450540113698,26242.016173084794,18724.936845208285,1230.2593964850894,0.0,0.0,1230.2593964850894,1230.2593964850894,False
2025-09-15,659.0827026367188,1.0,41.90450540113698,26242.016173084794,18871.19594807474,1376.5184993515431,0.0,0.0,1376.5184993515431,1376.5184993515431,False
2025-09-16,658.1752319335938,1.0,41.90450540113698,26242.016173084794,18833.168837094265,1338.4913883710688,0.0,0.0,1338.4913883710688,1338.4913883710688,False
2025-09-17,657.3575439453125,1.0,41.90450540113698,26242.016173084794,18798.90402637289,1304.2265776496934,0.0,0.0,1304.2265776496934,1304.2265776496934,False
2025-09-18,660.4290161132812,0.0,0.0,0.0,18908.52666955397,1432.9350997017827,19.085878871010248,26.958483722935686,1413.8492208307725,1405.9766159788471,False
2025-09-19,663.7000122070312,1.0,42.73435209081118,28362.79000433095,18908.52666955397,0.0,0.0,0.0,0.0,0.0,False
2025-09-22,666.8400268554688,1.0,42.73435209081118,28362.79000433095,19042.7131611106,134.18649155663297,0.0,0.0,134.18649155663297,134.18649155663297,False
2025-09-23,663.2100219726562,1.0,42.73435209081118,28362.79000433095,18887.58725435713,-20.939415196837217,0.0,0.0,-20.939415196837217,-20.939415196837217,False
2025-09-24,661.0999755859375,1.0,42.73435209081118,28362.79000433095,18797.415789139148,-111.11088041482071,0.0,0.0,-111.11088041482071,-111.11088041482071,False
2025-09-25,658.0499877929688,1.0,42.73435209081118,28362.79000433095,18667.076536921744,-241.45013263222427,0.0,0.0,-241.45013263222427,-241.45013263222427,False
2025-09-26,661.8200073242188,1.0,42.73435209081118,28362.79000433095,18828.185878959415,-80.34079059455325,0.0,0.0,-80.34079059455325,-80.34079059455325,False
2025-09-29,663.6799926757812,1.0,42.73435209081118,28362.79000433095,18907.67114785684,-0.8555216971290065,0.0,0.0,-0.8555216971290065,-0.8555216971290065,False
2025-09-30,666.1799926757812,1.0,42.73435209081118,28362.79000433095,19014.507028083866,105.98035852989779,0.0,0.0,105.98035852989779,105.98035852989779,False
2025-10-01,668.4500122070312,1.0,42.73435209081118,28362.79000433095,19111.51484198532,202.98817243135272,0.0,0.0,202.98817243135272,202.98817243135272,False
2025-10-02,669.219970703125,1.0,42.73435209081118,28362.79000433095,19144.418519452705,235.89184989873684,0.0,0.0,235.89184989873684,235.89184989873684,False
2025-10-03,669.2100219726562,1.0,42.73435209081118,28362.79000433095,19143.993366901996,235.46669734802708,0.0,0.0,235.46669734802708,235.46669734802708,False
2025-10-06,671.6099853515625,1.0,42.73435209081118,28362.79000433095,19246.55424694123,338.02757738725995,0.0,0.0,338.02757738725995,338.02757738725995,False
2025-10-07,669.1199951171875,1.0,42.73435209081118,28362.79000433095,19140.146127562766,231.61945800879766,0.0,0.0,231.61945800879766,231.61945800879766,False
2025-10-08,673.1099853515625,1.0,42.73435209081118,28362.79000433095,19310.655775077445,402.129105523476,0.0,0.0,402.129105523476,402.129105523476,False
2025-10-09,671.1599731445312,1.0,42.73435209081118,28362.79000433095,19227.323266840795,318.796597286826,0.0,0.0,318.796597286826,318.796597286826,False
2025-10-10,653.02001953125,1.0,42.73435209081118,28362.79000433095,18452.12410221985,-456.40256733412025,0.0,0.0,-456.40256733412025,-456.40256733412025,False
2025-10-13,663.0399780273438,1.0,42.73435209081118,28362.79000433095,18880.320536527233,-28.206133026735188,0.0,0.0,-28.206133026735188,-28.206133026735188,False
2025-10-14,662.22998046875,1.0,42.73435209081118,28362.79000433095,18845.70581566559,-62.820853888377314,0.0,0.0,-62.820853888377314,-62.820853888377314,False
2025-10-15,665.1699829101562,1.0,42.73435209081118,28362.79000433095,18971.34491514449,62.818245590522565,0.0,0.0,62.818245590522565,62.818245590522565,False
2025-10-15,665.1699829101562,0.0,0.0,0.0,18951.459553018663,62.818245590522565,19.885362125826926,28.39419912712621,42.932883464695635,34.42404646339635,False
